name,type,url,rating,review_count,address,phone,outreach_status,notes
L'Antichambre Escape Games - Boulevard Saint-Martin,Service de fête,https://www.lantichambre.paris/,4.7,1355,Paris,01 75 51 56 84,pending,
L'Antichambre Escape Games - Blondel,Service de fête,https://www.lantichambre.paris/,4.8,829,Paris,01 48 04 89 73,pending,
Transitions Pro Île-de-France,Organisme à but non lucratif,http://www.transitionspro-idf.fr/,3.9,627,Paris,01 44 10 58 58,pending,
Crazy EVG,Agence spécialisée organisation fêtes,https://www.crazy-evg.com/,4.6,596,"8 Rue du Faubourg Poissonnière, 75010 Paris",,pending,
Privateaser,Organisateur d'événements,https://www.privateaser.com/,4.7,460,"42 Rue Marguerite de Rochechouart, 75009 Paris",01 76 42 03 86,pending,
Jardins du Pont Neuf,Espace événementiel,http://lesjardinsdupontneuf.com/,4.3,445,"Quai de l'Horloge, 75001 Paris",06 30 15 83 02,pending,
Agence d'hôtesses La Belle Equipe,Organisateur d'événements,https://www.agence-labelleequipe.com/,4.7,372,"12 Bd de Bonne Nouvelle, 75010 Paris",01 88 32 85 87,pending,
Comet Meetings - Place des Victoires,Espace événementiel,https://www.comet-meetings.com/lieux/comet-place-des-victoires/,4.6,263,"Place des Victoires, Paris",01 84 80 67 00,pending,
Boulotte,Traiteur,https://www.boulotte.com/,4.8,260,"314 Rue Saint-Martin, 75003 Paris",07 59 57 73 28,pending,
LE SCARLETT PARIS,Agence événementielle,http://www.lescarlett.fr/,4.3,259,Paris 5e,01 56 81 79 49,pending,
Qui Veut Pister Paris,Organisateur d'événements,http://www.quiveutpister.com/,4.9,256,"20 Pass. Saint-Sébastien, 75011 Paris",06 38 58 90 51,pending,
LoL Evènements,Agence spécialisée organisation fêtes,https://lolevenements.fr/,4.9,242,"3 Rue Bleue, 75009 Paris",07 78 68 99 37,pending,
SnapEvent,Agence événementielle,https://www.snapevent.fr/,4.8,235,"142 Rue du Faubourg Saint-Denis, 75010 Paris",01 76 42 02 10,pending,
WESTOTEL Taverny - Paris Val-d'Oise,Hôtel événementiel,https://www.westotel.com/taverny-paris-val-doise/,4.1,231,"1 Rue Marie Sklodowska-Curie, 95150 Taverny",,pending,
POTEL ET CHABOT,Espace événementiel,https://www.potel-chabot.com/,4.5,207,Paris,01 47 20 04 05,pending,
Comet Meetings - Bourse,Espace événementiel,https://www.comet-meetings.com/lieux/comet-bourse/,4.6,206,Paris 2e (Bourse),01 84 80 67 00,pending,
Le Privé Paris,Agence événementielle,http://www.lepriveparis.com/,4.7,185,"2 Rue des Anglais, 75005 Paris",,pending,
HAPPY COTILLONS Event,Organisateur d'événements,http://www.happy-animation.com/,4.7,179,"67 Rue Saint-Jacques, 75005 Paris",06 68 24 64 33,pending,
EVJF PARIS,Organisateur d'événements,https://www.evjf.paris/,4.8,169,"52 Rue du Faubourg Saint-Martin, 75010 Paris",06 80 88 05 60,pending,
Mauvaise Barbe,Agence événementielle,https://mauvaisebarbe.fr/,4.9,154,"229 Rue Saint-Honoré, 75001 Paris",06 46 60 40 66,pending,
Ever Events,Organisateur d'événements,https://www.ever-events.fr/,5.0,143,"16 Rue du Pont Neuf, 75001 Paris",06 69 46 40 34,pending,
MADCITYZEN,Agence événementielle,http://www.madcityzen.fr/,4.8,140,"14 Av. de l'Opéra, 75001 Paris",01 84 20 40 20,pending,
Au Charbon - Salle À Louer,Salle de réception,http://aucharbonparis.fr/,4.9,137,Paris 10e,06 64 68 05 71,pending,
EVENT SC PARIS,Agence événementielle,https://www.eventscparis.com/,5.0,136,"10 Rue de la Paix, 75002 Paris",06 47 88 47 06,pending,
Agence Paloma,Agence événementielle,https://www.agencepaloma.com/,4.9,129,"101 Rue de Sèvres, 75006 Paris",09 72 62 28 60,pending,
Kactus,Service tech organisation événements,http://www.kactus.com/,4.7,126,"29 Rue Taitbout, 75009 Paris",01 84 80 92 92,pending,
Naboo,Agence événementielle,https://www.naboo.app/,5.0,121,"7 Rue de Paradis, 75010 Paris",01 89 71 33 94,pending,
La Fabrique République,Service organisation événements pros,https://www.fabrique-evenementielle.fr/la-fabrique-republique,4.4,121,Paris 11e,,pending,
ALLIANCE EVENEMENT,Agence événementielle,http://www.allianceevenement.com/,4.8,118,"42 Rue Monge, 75005 Paris",09 73 88 25 32,pending,
#Cloud Business Center,Espace événementiel,https://www.prestige-sodexo.com/collection/cloud-business-center,4.3,116,"10 bis Rue du 4 septembre, 75002 Paris",06 09 69 44 60,pending,
L'Atelier Richelieu,Salle de réception,http://www.atelierrichelieu.com/,4.4,113,"60 Rue de Richelieu, 75002 Paris",01 42 33 94 05,pending,
INNOV'events,Agence événementielle,https://www.agence-evenementielle-innovevents.fr/,5.0,106,Paris,09 67 71 73 13,pending,
Team Tonic Services,Agence événementielle,https://teambuilding-teamtonic.com/,4.9,101,"105 Rue des Moines, 75017 Paris",06 42 10 94 33,pending,
Atout Coeur Wedding,Organisateur d'événements,http://www.atoutcoeurwedding.paris/,4.9,95,"54 Rue Greneta, 75002 Paris",06 07 38 02 90,pending,
Home Striptease,Animateur de soirées,https://www.home-striptease.fr/,5.0,93,"15 Rue des Halles, 75001 Paris",,pending,
Digitevent,Entreprise de logiciels événementiels,https://www.digitevent.com/,5.0,87,"36 Rue Vivienne, 75002 Paris",01 77 69 50 75,pending,
Happy Guily,Organisateur d'événements,http://www.happyguily.com/,4.7,86,Paris,06 22 17 73 34,pending,
Love Picnic Paris,Organisateur d'événements,https://www.lovepicnicparis.com/,4.9,77,"55 Rue Réaumur, 75002 Paris",06 24 96 71 57,pending,
Alejandra Poupel Events and Design,Organisateur d'événements,http://alejandrapoupel.com/,4.1,76,"6 Av. Matignon, 75008 Paris",01 40 81 03 37,pending,
Cocoon Space - Louvre,Espace événementiel,https://www.cocoon-space.com/venues/louvre,4.4,73,"44 Rue du Louvre, 75001 Paris",09 75 18 18 92,pending,
Les Petites Mascarades,Agence événementielle,https://lespetitesmascarades.com/,5.0,70,"60 Rue François 1er, 75008 Paris",06 52 33 34 24,pending,
JOUR & NUIT,Agence événementielle,http://www.jouretnuit.paris/,4.8,65,"231 Rue Saint-Honoré, 75001 Paris",01 40 28 16 82,pending,
Paris je t'aime - Office de Tourisme,Office du tourisme,http://www.parisjetaime.com/,3.9,64,Paris,,pending,
Jéremy Magicien,Organisateur d'événements,https://www.jeremy-magicien.com/,5.0,63,"205 Rue Saint-Honoré, 75001 Paris",06 29 84 79 99,pending,
Les Salons Parisiens,Agence événementielle,https://www.lessalonsparisiens.com/,4.7,61,Paris 9e,,pending,
MYevent Evénementiel Paris,Agence événementielle,http://www.my-event.com/,4.9,60,"192 Bd Voltaire, 75011 Paris",,pending,
YALA! Event Agency,Organisateur d'événements,https://www.yala.agency/,4.9,56,"15 Rue des Halles, 75001 Paris",,pending,
DK Ambassador,Professionnel de l'organisation,http://www.dkambassador.com/,5.0,55,"231 Rue Saint-Honoré, 75001 Paris",06 68 64 25 21,pending,
Fitz Group,Agence événementielle,https://www.fitz-group.fr/,4.6,55,"44 Rue Notre Dame des Victoires, 75002 Paris",01 83 64 81 60,pending,
Blind Test Live Event,Service organisation événements pros,https://www.blindtestlive.com/,5.0,50,"26 Rue du 4 septembre, 75002 Paris",06 30 33 86 31,pending,
MS Private Events,Organisateur d'événements,https://msprivateevents.fr/,4.7,48,"1 Rue de Stockholm, 75008 Paris",06 69 41 52 82,pending,
Mystère Gourmand,Organisateur d'événements,http://mysteregourmand.com/,5.0,48,"229 Rue Saint-Honoré, 75001 Paris",07 66 42 82 93,pending,
Agence WATO (We Are The Oracle),Agence événementielle,https://agence-wato.com/,5.0,47,"12 Rue Montmartre, 75001 Paris",01 84 17 70 45,pending,
Rêve en Or Animation,Organisateur d'événements,http://www.reveenor.fr/,4.5,45,"88 Rue Saint Honoré, 75001 Paris",06 99 27 18 69,pending,
Lieux d'Émotions,Agence événementielle,http://www.lieuxdemotions.fr/,4.0,35,"10 Rue Saint-Marc, 75002 Paris",01 49 29 50 50,pending,
aoyos,Agence événementielle,http://www.aoyos.fr/,4.8,32,"15 Rue des Halles, 75001 Paris",,pending,
Agence LB,Organisateur d'événements,http://www.agencelb.fr/,5.0,32,"10 Rue de Penthièvre, 75008 Paris",,pending,
Fête In France,Agence spécialisée organisation fêtes,https://feteinfrance.com/,5.0,31,"17 Rue du Temple, 75004 Paris",,pending,
Mademoiselle M,Organisateur d'événements,http://mademoisellem.com/,4.8,29,"19 Rue de Palestro, 75002 Paris",01 42 36 16 02,pending,
Une Salle A Paris,Agence événementielle,https://www.unesalleaparis.com/,4.9,28,Paris,07 81 29 45 72,pending,
Le Loft OSMOZ,Espace événementiel,http://www.osmoz.work/,4.9,28,"10 Rue Roger Verlomme, 75003 Paris",06 75 18 69 32,pending,
Casino Beach Events C.B.E,Organisateur d'événements,https://casinosoiree.fr/,4.5,27,"91 Rue du Faubourg Saint-Honoré, 75008 Paris",07 89 54 42 76,pending,
FREDDOX ÉLITE EVENTS,Prestataire de mariage,https://freddox-elite-events.fr/,5.0,26,Paris,07 60 43 41 02,pending,
Animaux Events,Agence événementielle,https://animaux.bar/events/,5.0,26,Paris,,pending,
Tea Loft,Organisateur d'événements,http://letealoft.fr/,4.4,24,"16 Rue du Faubourg Saint-Denis, 75010 Paris",01 83 81 99 21,pending,
Paris Society Events,Organisateur d'événements,https://paris-society-events.com/,3.2,24,"38 Av. des Champs-Élysées, 75008 Paris",01 45 26 04 58,pending,
Kymono Life,Organisateur d'événements,https://www.kymonolife.co/,5.0,24,"8 Rue Danielle Casanova, 75002 Paris",,pending,
Amazing Events Paris,Agence événementielle,https://amazingeventsparis.com/,5.0,23,"161 Bd Voltaire, 75011 Paris",06 60 20 06 10,pending,
For Event,Agence événementielle,https://forevent.fr/,4.8,23,"20 Rue Voltaire, 93100 Montreuil",01 48 44 48 70,pending,
Ouilo,Agence événementielle,http://ouilo.net/,5.0,22,"229 Rue Saint-Honoré, 75001 Paris",06 19 61 94 19,pending,
Feel Free Records,Organisateur d'événements,https://feelfreerecords.com/,5.0,21,"402 Rue Saint-Honoré, 75001 Paris",,pending,
Maison Wellness,Agence événementielle,https://www.maison-wellness.com/,4.8,20,"229 Rue Saint-Honoré, 75001 Paris",06 46 60 40 66,pending,
La Fabrique Marais,Salle de réception,https://www.fabrique-evenementielle.fr/la-fabrique-marais,4.8,20,Paris 4e,,pending,
AnimationEvenement.com,Animateur de soirées,http://www.animationevenement.com/,4.6,19,"23 Pass. de la Main d'Or, 75011 Paris",,pending,
Moon Event,Agence événementielle,https://www.moon-event.fr/,4.5,19,"66 Bis Av. Victor Cresson, 92130 Issy-les-Moulineaux",09 83 23 43 14,pending,
Agence 008,Agence événementielle,https://www.agence008.com/,5.0,17,"18 Rue des Blancs Manteaux, 75004 Paris",01 53 63 87 34,pending,
Ma Langue au Chat,Organisateur d'événements,http://www.malangueauchat.com/,4.6,16,"58 Rue Jean-Jacques Rousseau, 75001 Paris",01 44 92 93 94,pending,
Kaskad République,Salle de réception,https://kaskadrepublique.com/,4.8,16,Paris 10e,06 60 90 98 10,pending,
Team Building Paris by DAMA,Agence événementielle,https://team-building-paris.com/,5.0,15,"40 Rue du Louvre, 75001 Paris",06 37 20 60 37,pending,
EVENEMENT PARIS,Agence événementielle,http://evenementparis.fr/,5.0,15,"10 Av. Georges Pompidou, 92593 Levallois-Perret",01 45 06 00 86,pending,
Life'S Events Wedding Planner,Agence événementielle,http://www.lifeevents.fr/,4.8,14,"14 Av. de l'Opéra, 75001 Paris",06 48 48 03 82,pending,
Opaline Paris,Organisateur de mariages,http://www.opalineparis.com/,5.0,14,"229 Rue Saint-Honoré, 75001 Paris",06 62 06 03 18,pending,
Kampai,Organisateur d'événements,http://www.kampai-events.fr/,4.8,12,"146 Rue Montmartre, 75002 Paris",,pending,
Robin Wood and Co,Agence événementielle,https://robinwoodandco.com/,4.6,11,"46bis Av. du Maine, 75015 Paris",06 75 86 27 26,pending,
Lieux Atypiques,Agence événementielle,http://www.lieuxatypiques.com/,4.9,10,"108 Rue Vieille du Temple, 75003 Paris",01 84 19 09 87,pending,
RIPAILLES Conseil & Evènementiel,Agence événementielle,https://ripailles.paris/,4.9,10,"3 Rue Gabriel Laumain, 75010 Paris",06 81 97 32 22,pending,
Photographe événementiel,Agence événementielle,https://photographeparisevenementiel.wordpress.com/,5.0,9,"17 Rue St Denis, 75001 Paris",06 64 73 67 50,pending,
Super Spot,Salle de réception,https://www.superspot.fr/,5.0,9,Paris,,pending,
KCO,Agence événementielle,http://www.kco.fr/,4.0,8,"10 Rue de Paradis, 75010 Paris",,pending,
Mille et Une Féeries,Organisateur d'événements,http://www.milleetunefeeries.fr/,3.9,7,"27 Bd Saint-Martin, 75003 Paris",06 43 54 51 26,pending,
Wikevent,Agence événementielle,https://www.wikevent.fr/,5.0,7,"10 Rue de la Paix, 75002 Paris",06 09 39 67 65,pending,
Paris événement,Agence événementielle,http://www.paris-evenement.fr/,4.9,7,"17 Rue des Gâtines, 75020 Paris",01 40 29 19 85,pending,
Nino Agency,Agence événementielle,https://www.ninoagency.com/,4.8,6,Paris,07 66 92 45 26,pending,
Weddinglight Events,Organisateur d'événements,http://www.weddinglightevents.com/,4.6,5,"55 Rue Réaumur, 75002 Paris",06 24 96 71 57,pending,
PARADIS EVENTS,Organisateur d'événements,http://www.paradisevents.fr/,3.4,5,,06 67 75 10 58,pending,
Bar'Prestige,Agence événementielle,https://bonnelled.wixsite.com/barprestige,4.2,5,"8 Bd Saint-Martin, 75010 Paris",07 52 62 94 46,pending,
Paris Exclusif,Agence événementielle,,5.0,5,"14 Rue Falguière, 75015 Paris",01 73 79 02 10,pending,
Réunir,Organisateur d'événements,http://www.reunir.com/,5.0,4,"260 Rue Saint-Honoré, 75001 Paris",01 53 61 60 00,pending,
Agence Bonchar,Agence événementielle,https://agencebonchar.com/,5.0,4,"209 Rue Saint-Honoré, 75001 Paris",,pending,
Make it Happen Paris,Agence événementielle,https://makeithappen-paris.com/,5.0,4,"48 Rue de Turenne, 75003 Paris",06 63 62 68 05,pending,
IN VIVO AND CO,Agence événementielle,http://invivo-co.com/,4.0,4,"320 Rue Saint-Honoré, 75001 Paris",01 83 39 03 81,pending,
The Red Carpet,Organisateur d'événements,http://theredcarpet.fr/,5.0,4,"25 Rue de l'Arcade, 75008 Paris",,pending,
Goodwill Travel,Agence événementielle,https://goodwilltravel.fr/,4.3,4,"259 Rue Saint-Honoré, 75001 Paris",06 12 77 17 16,pending,
Nazareth Market Paris,Organisateur d'événements,http://www.nama-paris.fr/,4.7,3,"43 Rue Notre Dame de Nazareth, 75003 Paris",06 36 02 62 60,pending,
Espace evenement,Agence événementielle,http://www.espaceevenement.com/,5.0,2,"5 Rue Coq Héron, 75001 Paris",01 42 33 01 64,pending,
L'Aparté Palestro,Organisateur d'événements,https://www.lesapartes.com/locations/appartement-evenementiel-palestro,4.5,2,"29 Rue de Palestro, 75002 Paris",01 84 80 52 02,pending,
DAVID SULLO EVENTS,Organisateur d'événements,,5.0,2,"34 Rue Sainte-Anne, 75001 Paris",06 18 01 21 55,pending,
Espace Evénementiel,Organisateur d'événements,http://espace-evenementiel.com/,3.5,2,"7 Cité Dupetit-Thouars, 75003 Paris",,pending,
Brotherswing,Organisateur d'événements,https://www.brotherswing.fr/,5.0,2,"42 Rue Pierre Fontaine, 75009 Paris",,pending,
LadyDJ Paris FEMME DJ,Agence événementielle,https://www.ladydj.fr/,5.0,2,"11 Bd Malesherbes, 75008 Paris",06 62 02 44 04,pending,
Hors-Concept,Agence événementielle,http://www.hors-concept.com/,5.0,1,"28 Rue Meslay, 75003 Paris",01 85 09 25 78,pending,
Luxury International D'Antoni,Agence événementielle,https://pluxury.wixsite.com/my-site,5.0,1,"231 Rue Saint-Honoré, 75001 Paris",01 89 86 27 50,pending,
New Deal,Organisateur d'événements,https://human-music.eu/new-deal-accueil/,5.0,1,"42 Rue du Louvre, 75001 Paris",,pending,
ode-agence (Organisateur d'Évènement),Organisateur d'événements,http://www.ode-agence.com/,5.0,1,"58 Rue de Monceau, 75008 Paris",06 69 96 13 37,pending,
Intercoiffure France,Syndicat,http://www.intercoiffure-france.com/,5.0,1,"249 Rue Saint-Martin, 75003 Paris",01 42 25 55 17,pending,
ISOMETRIC EVENTS,Organisateur d'événements,http://www.isometricevents.com/,5.0,1,Paris,01 87 05 55 78,pending,
Lutila,Agence événementielle,http://www.lutila.fr/,,,"16 R. de Turbigo, 75002 Paris",06 59 99 94 22,pending,
MAISON JOYA,Agence événementielle,https://www.maisonjoya.fr/,,,"229 Rue Saint-Honoré, 75001 Paris",06 51 94 75 41,pending,
Alaya Events,Organisateur d'événements,https://www.alaya-events.fr/,,,"3 Rue Saint-Hyacinthe, 75001 Paris",,pending,
Rencontres et Communication,Agence événementielle,http://reunir.com/,,,"260 Rue Saint-Honoré, 75001 Paris",01 53 61 60 00,pending,
Sport Team Building PARIS,Organisateur d'événements,https://sport-team-building.fr/paris/,,,"27 Av. de l'Opéra, 75001 Paris",06 79 29 89 88,pending,
Oxygène Expo,Organisateur d'événements,http://secours-expo.com/,,,Paris,01 43 37 10 19,pending,
